case_id,annotator_a_label,annotator_b_label,final_consensus_label,consensus_source,resolved,arbiter_decision,system_action
APPS-AUDIT-001,faulty_test,faulty_test,faulty_test,annotator_agreement,yes,code_defect,FIX_CODE
APPS-AUDIT-002,faulty_test,code_defect,faulty_test,post_annotation_resolution,yes,faulty_test,REMOVE_TEST
APPS-AUDIT-003,faulty_test,faulty_test,faulty_test,annotator_agreement,yes,code_defect,FIX_CODE
APPS-AUDIT-004,faulty_test,faulty_test,faulty_test,annotator_agreement,yes,code_defect,FIX_CODE
APPS-AUDIT-005,faulty_test,faulty_test,faulty_test,annotator_agreement,yes,code_defect,FIX_CODE
APPS-AUDIT-006,code_defect,faulty_test,code_defect,post_annotation_resolution,yes,faulty_test,REMOVE_TEST
APPS-AUDIT-007,faulty_test,code_defect,faulty_test,post_annotation_resolution,yes,code_defect,FIX_CODE
APPS-AUDIT-008,faulty_test,faulty_test,faulty_test,annotator_agreement,yes,code_defect,FIX_CODE
APPS-AUDIT-009,code_defect,code_defect,code_defect,annotator_agreement,yes,code_defect,FIX_CODE
APPS-AUDIT-010,faulty_test,faulty_test,faulty_test,annotator_agreement,yes,faulty_test,REMOVE_TEST
APPS-AUDIT-011,faulty_test,faulty_test,faulty_test,annotator_agreement,yes,faulty_test,REMOVE_TEST
APPS-AUDIT-012,faulty_test,faulty_test,faulty_test,annotator_agreement,yes,faulty_test,REMOVE_TEST
APPS-AUDIT-013,faulty_test,code_defect,faulty_test,post_annotation_resolution,yes,faulty_test,REMOVE_TEST
APPS-AUDIT-014,faulty_test,faulty_test,faulty_test,annotator_agreement,yes,code_defect,FIX_CODE
APPS-AUDIT-015,faulty_test,code_defect,faulty_test,post_annotation_resolution,yes,code_defect,FIX_CODE
APPS-AUDIT-016,faulty_test,faulty_test,faulty_test,annotator_agreement,yes,code_defect,FIX_CODE
APPS-AUDIT-017,faulty_test,faulty_test,faulty_test,annotator_agreement,yes,faulty_test,REMOVE_TEST
APPS-AUDIT-018,code_defect,unclear,code_defect,post_annotation_resolution,yes,code_defect,FIX_CODE
APPS-AUDIT-019,faulty_test,faulty_test,faulty_test,annotator_agreement,yes,faulty_test,REMOVE_TEST
APPS-AUDIT-020,code_defect,faulty_test,code_defect,post_annotation_resolution,yes,code_defect,FIX_CODE
APPS-AUDIT-021,faulty_test,faulty_test,faulty_test,annotator_agreement,yes,faulty_test,REMOVE_TEST
APPS-AUDIT-022,code_defect,code_defect,code_defect,annotator_agreement,yes,code_defect,FIX_CODE
APPS-AUDIT-023,unclear,code_defect,unclear,post_annotation_resolution,yes,code_defect,FIX_CODE
APPS-AUDIT-024,faulty_test,faulty_test,faulty_test,annotator_agreement,yes,code_defect,FIX_CODE
APPS-AUDIT-025,code_defect,faulty_test,code_defect,post_annotation_resolution,yes,faulty_test,REMOVE_TEST
APPS-AUDIT-026,faulty_test,faulty_test,faulty_test,annotator_agreement,yes,code_defect,FIX_CODE
APPS-AUDIT-027,code_defect,code_defect,code_defect,annotator_agreement,yes,code_defect,FIX_CODE
APPS-AUDIT-028,faulty_test,faulty_test,faulty_test,annotator_agreement,yes,faulty_test,REMOVE_TEST
APPS-AUDIT-029,faulty_test,code_defect,code_defect,post_annotation_resolution,yes,faulty_test,REMOVE_TEST
APPS-AUDIT-030,faulty_test,faulty_test,faulty_test,annotator_agreement,yes,faulty_test,REMOVE_TEST
APPS-AUDIT-031,faulty_test,faulty_test,faulty_test,annotator_agreement,yes,faulty_test,REMOVE_TEST
APPS-AUDIT-032,faulty_test,faulty_test,faulty_test,annotator_agreement,yes,code_defect,FIX_CODE
APPS-AUDIT-033,faulty_test,code_defect,faulty_test,post_annotation_resolution,yes,faulty_test,REMOVE_TEST
APPS-AUDIT-034,faulty_test,faulty_test,faulty_test,annotator_agreement,yes,faulty_test,REMOVE_TEST
APPS-AUDIT-035,faulty_test,faulty_test,faulty_test,annotator_agreement,yes,faulty_test,REMOVE_TEST
APPS-AUDIT-036,faulty_test,faulty_test,faulty_test,annotator_agreement,yes,faulty_test,REMOVE_TEST
APPS-AUDIT-037,code_defect,code_defect,code_defect,annotator_agreement,yes,code_defect,FIX_CODE
APPS-AUDIT-038,faulty_test,unclear,faulty_test,post_annotation_resolution,yes,faulty_test,REMOVE_TEST
APPS-AUDIT-039,faulty_test,faulty_test,faulty_test,annotator_agreement,yes,code_defect,FIX_CODE
APPS-AUDIT-040,code_defect,faulty_test,code_defect,post_annotation_resolution,yes,code_defect,FIX_CODE
APPS-AUDIT-041,faulty_test,faulty_test,faulty_test,annotator_agreement,yes,faulty_test,REMOVE_TEST
APPS-AUDIT-042,code_defect,faulty_test,faulty_test,post_annotation_resolution,yes,code_defect,FIX_CODE
APPS-AUDIT-043,faulty_test,faulty_test,faulty_test,annotator_agreement,yes,faulty_test,REMOVE_TEST
APPS-AUDIT-044,faulty_test,faulty_test,faulty_test,annotator_agreement,yes,faulty_test,REMOVE_TEST
APPS-AUDIT-045,faulty_test,unclear,faulty_test,post_annotation_resolution,yes,faulty_test,REMOVE_TEST
APPS-AUDIT-046,faulty_test,faulty_test,faulty_test,annotator_agreement,yes,code_defect,FIX_CODE
APPS-AUDIT-047,faulty_test,faulty_test,faulty_test,annotator_agreement,yes,faulty_test,REMOVE_TEST
APPS-AUDIT-048,unclear,faulty_test,faulty_test,post_annotation_resolution,yes,faulty_test,REMOVE_TEST
APPS-AUDIT-049,faulty_test,faulty_test,faulty_test,annotator_agreement,yes,code_defect,FIX_CODE
APPS-AUDIT-050,code_defect,faulty_test,faulty_test,post_annotation_resolution,yes,faulty_test,REMOVE_TEST
APPS-AUDIT-051,code_defect,code_defect,code_defect,annotator_agreement,yes,code_defect,FIX_CODE
APPS-AUDIT-052,faulty_test,faulty_test,faulty_test,annotator_agreement,yes,code_defect,FIX_CODE
APPS-AUDIT-053,code_defect,code_defect,code_defect,annotator_agreement,yes,code_defect,FIX_CODE
APPS-AUDIT-054,unclear,code_defect,unclear,post_annotation_resolution,yes,code_defect,FIX_CODE
APPS-AUDIT-055,faulty_test,faulty_test,faulty_test,annotator_agreement,yes,code_defect,FIX_CODE
APPS-AUDIT-056,faulty_test,code_defect,faulty_test,post_annotation_resolution,yes,code_defect,FIX_CODE
APPS-AUDIT-057,faulty_test,faulty_test,faulty_test,annotator_agreement,yes,faulty_test,REMOVE_TEST
APPS-AUDIT-058,faulty_test,faulty_test,faulty_test,annotator_agreement,yes,faulty_test,REMOVE_TEST
APPS-AUDIT-059,faulty_test,unclear,faulty_test,post_annotation_resolution,yes,faulty_test,REMOVE_TEST
APPS-AUDIT-060,faulty_test,faulty_test,faulty_test,annotator_agreement,yes,code_defect,FIX_CODE
APPS-AUDIT-061,unclear,faulty_test,unclear,post_annotation_resolution,yes,faulty_test,REMOVE_TEST
APPS-AUDIT-062,unclear,faulty_test,faulty_test,post_annotation_resolution,yes,faulty_test,REMOVE_TEST
APPS-AUDIT-063,faulty_test,faulty_test,faulty_test,annotator_agreement,yes,faulty_test,REMOVE_TEST
APPS-AUDIT-064,faulty_test,faulty_test,faulty_test,annotator_agreement,yes,code_defect,FIX_CODE
APPS-AUDIT-065,faulty_test,unclear,faulty_test,post_annotation_resolution,yes,faulty_test,REMOVE_TEST
APPS-AUDIT-066,faulty_test,faulty_test,faulty_test,annotator_agreement,yes,faulty_test,REMOVE_TEST
APPS-AUDIT-067,faulty_test,faulty_test,faulty_test,annotator_agreement,yes,faulty_test,REMOVE_TEST
APPS-AUDIT-068,faulty_test,faulty_test,faulty_test,annotator_agreement,yes,faulty_test,REMOVE_TEST
APPS-AUDIT-069,faulty_test,unclear,faulty_test,post_annotation_resolution,yes,code_defect,FIX_CODE
APPS-AUDIT-070,code_defect,code_defect,code_defect,annotator_agreement,yes,code_defect,FIX_CODE
APPS-AUDIT-071,code_defect,code_defect,code_defect,annotator_agreement,yes,code_defect,FIX_CODE
APPS-AUDIT-072,faulty_test,faulty_test,faulty_test,annotator_agreement,yes,code_defect,FIX_CODE
APPS-AUDIT-073,faulty_test,faulty_test,faulty_test,annotator_agreement,yes,faulty_test,REMOVE_TEST
APPS-AUDIT-074,faulty_test,faulty_test,faulty_test,annotator_agreement,yes,faulty_test,REMOVE_TEST
APPS-AUDIT-075,faulty_test,code_defect,unclear,post_annotation_resolution,yes,code_defect,FIX_CODE
APPS-AUDIT-076,faulty_test,faulty_test,faulty_test,annotator_agreement,yes,code_defect,FIX_CODE
APPS-AUDIT-077,faulty_test,faulty_test,faulty_test,annotator_agreement,yes,faulty_test,REMOVE_TEST
APPS-AUDIT-078,faulty_test,faulty_test,faulty_test,annotator_agreement,yes,code_defect,FIX_CODE
APPS-AUDIT-079,faulty_test,faulty_test,faulty_test,annotator_agreement,yes,code_defect,FIX_CODE
APPS-AUDIT-080,faulty_test,faulty_test,faulty_test,annotator_agreement,yes,faulty_test,REMOVE_TEST
