case_id,annotator_label,annotator_confidence,needs_discussion
APPS-AUDIT-001,faulty_test,5,no
APPS-AUDIT-002,faulty_test,4,no
APPS-AUDIT-003,faulty_test,4,no
APPS-AUDIT-004,faulty_test,3,no
APPS-AUDIT-005,faulty_test,5,no
APPS-AUDIT-006,code_defect,4,no
APPS-AUDIT-007,faulty_test,4,no
APPS-AUDIT-008,faulty_test,5,no
APPS-AUDIT-009,code_defect,4,no
APPS-AUDIT-010,faulty_test,5,no
APPS-AUDIT-011,faulty_test,5,no
APPS-AUDIT-012,faulty_test,5,no
APPS-AUDIT-013,faulty_test,5,no
APPS-AUDIT-014,faulty_test,5,no
APPS-AUDIT-015,faulty_test,4,no
APPS-AUDIT-016,faulty_test,3,yes
APPS-AUDIT-017,faulty_test,5,no
APPS-AUDIT-018,code_defect,3,yes
APPS-AUDIT-019,faulty_test,5,no
APPS-AUDIT-020,code_defect,4,no
APPS-AUDIT-021,faulty_test,5,no
APPS-AUDIT-022,code_defect,3,yes
APPS-AUDIT-023,unclear,3,yes
APPS-AUDIT-024,faulty_test,3,no
APPS-AUDIT-025,code_defect,3,yes
APPS-AUDIT-026,faulty_test,3,yes
APPS-AUDIT-027,code_defect,3,yes
APPS-AUDIT-028,faulty_test,5,no
APPS-AUDIT-029,faulty_test,3,yes
APPS-AUDIT-030,faulty_test,5,no
APPS-AUDIT-031,faulty_test,5,no
APPS-AUDIT-032,faulty_test,4,no
APPS-AUDIT-033,faulty_test,5,no
APPS-AUDIT-034,faulty_test,4,no
APPS-AUDIT-035,faulty_test,5,no
APPS-AUDIT-036,faulty_test,5,no
APPS-AUDIT-037,code_defect,4,no
APPS-AUDIT-038,faulty_test,4,no
APPS-AUDIT-039,faulty_test,4,no
APPS-AUDIT-040,code_defect,4,no
APPS-AUDIT-041,faulty_test,5,no
APPS-AUDIT-042,code_defect,3,yes
APPS-AUDIT-043,faulty_test,5,no
APPS-AUDIT-044,faulty_test,5,no
APPS-AUDIT-045,faulty_test,3,yes
APPS-AUDIT-046,faulty_test,4,no
APPS-AUDIT-047,faulty_test,5,no
APPS-AUDIT-048,unclear,2,yes
APPS-AUDIT-049,faulty_test,3,yes
APPS-AUDIT-050,code_defect,3,yes
APPS-AUDIT-051,code_defect,4,yes
APPS-AUDIT-052,faulty_test,3,yes
APPS-AUDIT-053,code_defect,3,yes
APPS-AUDIT-054,unclear,2,yes
APPS-AUDIT-055,faulty_test,4,no
APPS-AUDIT-056,faulty_test,4,no
APPS-AUDIT-057,faulty_test,5,no
APPS-AUDIT-058,faulty_test,5,no
APPS-AUDIT-059,faulty_test,4,no
APPS-AUDIT-060,faulty_test,5,no
APPS-AUDIT-061,unclear,2,yes
APPS-AUDIT-062,unclear,2,yes
APPS-AUDIT-063,faulty_test,4,no
APPS-AUDIT-064,faulty_test,4,no
APPS-AUDIT-065,faulty_test,3,yes
APPS-AUDIT-066,faulty_test,5,no
APPS-AUDIT-067,faulty_test,4,no
APPS-AUDIT-068,faulty_test,5,no
APPS-AUDIT-069,faulty_test,3,yes
APPS-AUDIT-070,code_defect,5,no
APPS-AUDIT-071,code_defect,5,no
APPS-AUDIT-072,faulty_test,5,no
APPS-AUDIT-073,faulty_test,5,no
APPS-AUDIT-074,faulty_test,5,no
APPS-AUDIT-075,faulty_test,3,yes
APPS-AUDIT-076,faulty_test,4,no
APPS-AUDIT-077,faulty_test,5,no
APPS-AUDIT-078,faulty_test,5,no
APPS-AUDIT-079,faulty_test,5,no
APPS-AUDIT-080,faulty_test,4,no
