case_id,material_precheck_status,risk_flags,annotator_a_label,annotator_b_label,final_consensus_label,arbiter_decision
APPS-AUDIT-001,clean_candidate,,faulty_test,faulty_test,faulty_test,code_defect
APPS-AUDIT-002,flagged_material_risk,locator_trace_mismatch;reconstructed_code_with_missing_or_mismatched_trace,faulty_test,code_defect,faulty_test,faulty_test
APPS-AUDIT-003,flagged_material_risk,testgen_or_tracer_timeout,faulty_test,faulty_test,faulty_test,code_defect
APPS-AUDIT-004,flagged_material_risk,blank_trace;non_test_locator,faulty_test,faulty_test,faulty_test,code_defect
APPS-AUDIT-005,clean_candidate,,faulty_test,faulty_test,faulty_test,code_defect
APPS-AUDIT-006,flagged_material_risk,testgen_or_tracer_timeout,code_defect,faulty_test,code_defect,faulty_test
APPS-AUDIT-007,clean_candidate,,faulty_test,code_defect,faulty_test,code_defect
APPS-AUDIT-008,clean_candidate,,faulty_test,faulty_test,faulty_test,code_defect
APPS-AUDIT-009,clean_candidate,,code_defect,code_defect,code_defect,code_defect
APPS-AUDIT-010,flagged_material_risk,no_diagnostic_trace;reconstructed_code_with_missing_or_mismatched_trace,faulty_test,faulty_test,faulty_test,faulty_test
APPS-AUDIT-011,clean_candidate,,faulty_test,faulty_test,faulty_test,faulty_test
APPS-AUDIT-012,flagged_material_risk,no_diagnostic_trace;reconstructed_code_with_missing_or_mismatched_trace,faulty_test,faulty_test,faulty_test,faulty_test
APPS-AUDIT-013,flagged_material_risk,locator_trace_mismatch;reconstructed_code_with_missing_or_mismatched_trace,faulty_test,code_defect,faulty_test,faulty_test
APPS-AUDIT-014,clean_candidate,,faulty_test,faulty_test,faulty_test,code_defect
APPS-AUDIT-015,clean_candidate,,faulty_test,code_defect,faulty_test,code_defect
APPS-AUDIT-016,clean_candidate,,faulty_test,faulty_test,faulty_test,code_defect
APPS-AUDIT-017,flagged_material_risk,no_diagnostic_trace;reconstructed_code_with_missing_or_mismatched_trace,faulty_test,faulty_test,faulty_test,faulty_test
APPS-AUDIT-018,clean_candidate,,code_defect,unclear,code_defect,code_defect
APPS-AUDIT-019,flagged_material_risk,locator_trace_mismatch;reconstructed_code_with_missing_or_mismatched_trace,faulty_test,faulty_test,faulty_test,faulty_test
APPS-AUDIT-020,flagged_material_risk,interface_or_function_name_mismatch,code_defect,faulty_test,code_defect,code_defect
APPS-AUDIT-021,clean_candidate,,faulty_test,faulty_test,faulty_test,faulty_test
APPS-AUDIT-022,clean_candidate,,code_defect,code_defect,code_defect,code_defect
APPS-AUDIT-023,clean_candidate,,unclear,code_defect,unclear,code_defect
APPS-AUDIT-024,clean_candidate,,faulty_test,faulty_test,faulty_test,code_defect
APPS-AUDIT-025,flagged_material_risk,interface_or_function_name_mismatch,code_defect,faulty_test,code_defect,faulty_test
APPS-AUDIT-026,flagged_material_risk,interface_or_function_name_mismatch,faulty_test,faulty_test,faulty_test,code_defect
APPS-AUDIT-027,flagged_material_risk,blank_trace;non_test_locator,code_defect,code_defect,code_defect,code_defect
APPS-AUDIT-028,clean_candidate,,faulty_test,faulty_test,faulty_test,faulty_test
APPS-AUDIT-029,flagged_material_risk,blank_trace,faulty_test,code_defect,code_defect,faulty_test
APPS-AUDIT-030,flagged_material_risk,blank_trace,faulty_test,faulty_test,faulty_test,faulty_test
APPS-AUDIT-031,flagged_material_risk,blank_trace,faulty_test,faulty_test,faulty_test,faulty_test
APPS-AUDIT-032,flagged_material_risk,blank_trace;non_test_locator,faulty_test,faulty_test,faulty_test,code_defect
APPS-AUDIT-033,flagged_material_risk,locator_trace_mismatch;reconstructed_code_with_missing_or_mismatched_trace,faulty_test,code_defect,faulty_test,faulty_test
APPS-AUDIT-034,flagged_material_risk,no_diagnostic_trace;non_test_locator;test_runner_failed_input;reconstructed_code_with_missing_or_mismatched_trace,faulty_test,faulty_test,faulty_test,faulty_test
APPS-AUDIT-035,flagged_material_risk,no_diagnostic_trace;reconstructed_code_with_missing_or_mismatched_trace,faulty_test,faulty_test,faulty_test,faulty_test
APPS-AUDIT-036,flagged_material_risk,no_diagnostic_trace;reconstructed_code_with_missing_or_mismatched_trace,faulty_test,faulty_test,faulty_test,faulty_test
APPS-AUDIT-037,clean_candidate,,code_defect,code_defect,code_defect,code_defect
APPS-AUDIT-038,flagged_material_risk,no_diagnostic_trace;reconstructed_code_with_missing_or_mismatched_trace,faulty_test,unclear,faulty_test,faulty_test
APPS-AUDIT-039,clean_candidate,,faulty_test,faulty_test,faulty_test,code_defect
APPS-AUDIT-040,flagged_material_risk,interface_or_function_name_mismatch,code_defect,faulty_test,code_defect,code_defect
APPS-AUDIT-041,flagged_material_risk,no_diagnostic_trace;reconstructed_code_with_missing_or_mismatched_trace,faulty_test,faulty_test,faulty_test,faulty_test
APPS-AUDIT-042,clean_candidate,,code_defect,faulty_test,faulty_test,code_defect
APPS-AUDIT-043,clean_candidate,,faulty_test,faulty_test,faulty_test,faulty_test
APPS-AUDIT-044,clean_candidate,,faulty_test,faulty_test,faulty_test,faulty_test
APPS-AUDIT-045,flagged_material_risk,locator_trace_mismatch;reconstructed_code_with_missing_or_mismatched_trace,faulty_test,unclear,faulty_test,faulty_test
APPS-AUDIT-046,clean_candidate,,faulty_test,faulty_test,faulty_test,code_defect
APPS-AUDIT-047,flagged_material_risk,blank_trace,faulty_test,faulty_test,faulty_test,faulty_test
APPS-AUDIT-048,flagged_material_risk,interface_or_function_name_mismatch,unclear,faulty_test,faulty_test,faulty_test
APPS-AUDIT-049,flagged_material_risk,interface_or_function_name_mismatch,faulty_test,faulty_test,faulty_test,code_defect
APPS-AUDIT-050,flagged_material_risk,locator_trace_mismatch;reconstructed_code_with_missing_or_mismatched_trace;interface_or_function_name_mismatch,code_defect,faulty_test,faulty_test,faulty_test
APPS-AUDIT-051,clean_candidate,,code_defect,code_defect,code_defect,code_defect
APPS-AUDIT-052,clean_candidate,,faulty_test,faulty_test,faulty_test,code_defect
APPS-AUDIT-053,clean_candidate,,code_defect,code_defect,code_defect,code_defect
APPS-AUDIT-054,clean_candidate,,unclear,code_defect,unclear,code_defect
APPS-AUDIT-055,clean_candidate,,faulty_test,faulty_test,faulty_test,code_defect
APPS-AUDIT-056,clean_candidate,,faulty_test,code_defect,faulty_test,code_defect
APPS-AUDIT-057,clean_candidate,,faulty_test,faulty_test,faulty_test,faulty_test
APPS-AUDIT-058,flagged_material_risk,blank_trace,faulty_test,faulty_test,faulty_test,faulty_test
APPS-AUDIT-059,flagged_material_risk,no_diagnostic_trace;reconstructed_code_with_missing_or_mismatched_trace,faulty_test,unclear,faulty_test,faulty_test
APPS-AUDIT-060,flagged_material_risk,blank_trace;non_test_locator,faulty_test,faulty_test,faulty_test,code_defect
APPS-AUDIT-061,flagged_material_risk,no_diagnostic_trace;reconstructed_code_with_missing_or_mismatched_trace;undefined_input_domain,unclear,faulty_test,unclear,faulty_test
APPS-AUDIT-062,clean_candidate,,unclear,faulty_test,faulty_test,faulty_test
APPS-AUDIT-063,flagged_material_risk,no_diagnostic_trace;reconstructed_code_with_missing_or_mismatched_trace,faulty_test,faulty_test,faulty_test,faulty_test
APPS-AUDIT-064,clean_candidate,,faulty_test,faulty_test,faulty_test,code_defect
APPS-AUDIT-065,flagged_material_risk,locator_trace_mismatch;reconstructed_code_with_missing_or_mismatched_trace,faulty_test,unclear,faulty_test,faulty_test
APPS-AUDIT-066,clean_candidate,,faulty_test,faulty_test,faulty_test,faulty_test
APPS-AUDIT-067,flagged_material_risk,locator_trace_mismatch;reconstructed_code_with_missing_or_mismatched_trace;testgen_or_tracer_timeout,faulty_test,faulty_test,faulty_test,faulty_test
APPS-AUDIT-068,clean_candidate,,faulty_test,faulty_test,faulty_test,faulty_test
APPS-AUDIT-069,flagged_material_risk,blank_trace;non_test_locator,faulty_test,unclear,faulty_test,code_defect
APPS-AUDIT-070,clean_candidate,,code_defect,code_defect,code_defect,code_defect
APPS-AUDIT-071,flagged_material_risk,blank_trace;non_test_locator,code_defect,code_defect,code_defect,code_defect
APPS-AUDIT-072,clean_candidate,,faulty_test,faulty_test,faulty_test,code_defect
APPS-AUDIT-073,flagged_material_risk,locator_trace_mismatch;reconstructed_code_with_missing_or_mismatched_trace,faulty_test,faulty_test,faulty_test,faulty_test
APPS-AUDIT-074,flagged_material_risk,locator_trace_mismatch;reconstructed_code_with_missing_or_mismatched_trace,faulty_test,faulty_test,faulty_test,faulty_test
APPS-AUDIT-075,flagged_material_risk,testgen_or_tracer_timeout,faulty_test,code_defect,unclear,code_defect
APPS-AUDIT-076,flagged_material_risk,testgen_or_tracer_timeout,faulty_test,faulty_test,faulty_test,code_defect
APPS-AUDIT-077,flagged_material_risk,no_diagnostic_trace;reconstructed_code_with_missing_or_mismatched_trace,faulty_test,faulty_test,faulty_test,faulty_test
APPS-AUDIT-078,clean_candidate,,faulty_test,faulty_test,faulty_test,code_defect
APPS-AUDIT-079,clean_candidate,,faulty_test,faulty_test,faulty_test,code_defect
APPS-AUDIT-080,flagged_material_risk,no_diagnostic_trace;reconstructed_code_with_missing_or_mismatched_trace,faulty_test,faulty_test,faulty_test,faulty_test
